{"cameraMode":{"drawMode":0,"name":"Shaded","section":"Shading Mode"},"sceneLighting":false,"audioPlay":false,"sceneViewState":{"m_AlwaysRefresh":false,"showFog":true,"showSkybox":false,"showFlares":true,"showImageEffects":true,"showParticleSystems":true,"showVisualEffectGraphs":true,"m_FxEnabled":true},"in2DMode":false,"pivot":{"x":-0.6480646133422852,"y":1.2483665943145753,"z":0.8262965679168701},"rotation":{"x":0.029390376061201097,"y":-0.9353819489479065,"z":0.08016719669103623,"w":0.34281671047210696},"size":4.938345909118652,"orthographic":false}