{"cameraMode":{"drawMode":0,"name":"Shaded","section":"Shading Mode"},"sceneLighting":true,"audioPlay":false,"sceneViewState":{"m_AlwaysRefresh":false,"showFog":true,"showSkybox":true,"showFlares":true,"showImageEffects":true,"showParticleSystems":true,"showVisualEffectGraphs":true,"m_FxEnabled":true},"in2DMode":false,"pivot":{"x":-0.5590102672576904,"y":3.727972984313965,"z":2.500105381011963},"rotation":{"x":0.2391570508480072,"y":-0.005825295578688383,"z":0.0014374346937984229,"w":0.9709698557853699},"size":20.55138397216797,"orthographic":false}