{"cameraMode":{"drawMode":0,"name":"Shaded","section":"Shading Mode"},"sceneLighting":true,"audioPlay":false,"sceneViewState":{"m_AlwaysRefresh":false,"showFog":true,"showSkybox":true,"showFlares":true,"showImageEffects":true,"showParticleSystems":true,"showVisualEffectGraphs":true,"m_FxEnabled":true},"in2DMode":false,"pivot":{"x":-3.5824203491210939,"y":0.10203611850738526,"z":-5.175114631652832},"rotation":{"x":0.23762796819210053,"y":-0.018943842500448228,"z":0.004606002476066351,"w":0.97103351354599},"size":161.26878356933595,"orthographic":false}